{
  "version": "1.0.0",
  "trained_at": "2025-09-08T21:34:00.690497",
  "accuracy": 69.62947388978581,
  "mae": 6641.151017506528,
  "training_samples": 8,
  "r2_score": 0.6962947388978582,
  "mape": 465.4358541659412,
  "total_products": 8
}